Crash_Ref_Number,Crash_Severity,Crash_Year,Crash_Month,Crash_Day_Of_Week,Crash_Hour,Crash_Nature,Crash_Type,Crash_Longitude,Crash_Latitude,Crash_Street,Crash_Street_Intersecting,State_Road_Name,Loc_Suburb,Loc_Local_Government_Area,Loc_Post_Code,Loc_Police_Division,Loc_Police_District,Loc_Police_Region,Loc_Queensland_Transport_Region,Loc_Main_Roads_Region,Loc_ABS_Statistical_Area_2,Loc_ABS_Statistical_Area_3,Loc_ABS_Statistical_Area_4,Loc_ABS_Remoteness,Loc_State_Electorate,Loc_Federal_Electorate,Crash_Controlling_Authority,Crash_Roadway_Feature,Crash_Traffic_Control,Crash_Speed_Limit,Crash_Road_Surface_Condition,Crash_Atmospheric_Condition,Crash_Lighting_Condition,Crash_Road_Horiz_Align,Crash_Road_Vert_Align,Crash_DCA_Code,Crash_DCA_Description,Crash_DCA_Group_Description,DCA_Key_Approach_Dir,Count_Casualty_Fatality,Count_Casualty_Hospitalised,Count_Casualty_MedicallyTreated,Count_Casualty_MinorInjury,Count_Casualty_Total,Count_Unit_Car,Count_Unit_Motorcycle_Moped,Count_Unit_Truck,Count_Unit_Bus,Count_Unit_Bicycle,Count_Unit_Pedestrian,Count_Unit_Other
1,Property damage only,2007,August,Wednesday,13,Angle,Multi-Vehicle,146.7260253,-19.313847,Carthew St,,,Thuringowa Central,Townsville City,4817,Kirwan,Townsville,Northern,Northern,North Queensland,Kirwan - West,Townsville,Townsville,Outer Regional,Thuringowa,Herbert,Locally-controlled,No Roadway Feature,No traffic control,0 - 50 km/h,Sealed - Wet,Raining,Daylight,Straight,Level,308,Vehs Same Direction: Right Turn S/Swipe,06: Parallel Lanes Turning,W,0,0,0,0,0,2,0,0,0,0,0,0
2,Medical treatment,2007,December,Wednesday,8,Overturned,Single Vehicle,152.9764055,-26.895647,Link Rd,,,Glass House Mountains,Sunshine Coast Region,4518,Beerwah,Sunshine Coast,North Coast,SEQ North,North Coast,Glass House Mountains,Sunshine Coast Hinterland,Sunshine Coast,Inner Regional,Glass House,Fisher,Locally-controlled,No Roadway Feature,No traffic control,100 - 110 km/h,Unsealed - Dry,Clear,Daylight,Straight,Level,705,Off Path-Straight: Out Of Control On Cway,17: Out of Control on Straight,S,0,0,1,0,1,1,0,0,0,0,0,0
3,Property damage only,2008,August,Wednesday,14,Overturned,Single Vehicle,152.6500333,-27.88483049,Kengoon Rd,,,Munbilla,Scenic Rim Region,4309,Kalbar,Ipswich,Southern,SEQ South,South Coast,Boonah,Ipswich Hinterland,Ipswich,Inner Regional,Scenic Rim,Wright,Locally-controlled,No Roadway Feature,No traffic control,80 - 90 km/h,Unsealed - Dry,Clear,Daylight,Straight,Crest,702,Off Path-Straight: Right Off Cway,15: Off Carriageway on Straight,W,0,0,0,0,0,1,0,0,0,0,0,0
4,Property damage only,2007,May,Tuesday,20,Hit object,Single Vehicle,152.8851877,-27.63394249,Jones Rd,,,Bellbird Park,Ipswich City,4300,Goodna,Ipswich,Southern,SEQ South,Metropolitan,Bellbird Park - Brookwater,Springfield - Redbank,Ipswich,Major Cities,Bundamba,Oxley,Locally-controlled,No Roadway Feature,No traffic control,60 km/h,Sealed - Dry,Clear,Darkness - Lighted,Curved - view obscured,Level,804,Off Path-Curve: Off Cway Lt Bend Hit Obj,19: Off Carriageway on Curve Hit Object,S,0,0,0,0,0,1,0,0,0,0,0,0
5,Medical treatment,2007,July,Sunday,21,Overturned,Single Vehicle,152.8382345,-27.59574748,Cunningham Hwy,,Cunningham Highway (Ipswich - Warwick),Riverview,Ipswich City,4303,Goodna,Ipswich,Southern,SEQ South,Metropolitan,Bundamba,Ipswich Inner,Ipswich,Major Cities,Bundamba,Blair,State-controlled,No Roadway Feature,No traffic control,80 - 90 km/h,Sealed - Dry,Clear,Darkness - Lighted,Straight,Grade,705,Off Path-Straight: Out Of Control On Cway,17: Out of Control on Straight,N,0,0,1,0,1,1,0,0,0,0,0,0
6,Property damage only,2007,September,Friday,14,Angle,Multi-Vehicle,152.3697637,-24.85582871,Alexandra St,Whittred St,,Bundaberg East,Bundaberg Region,4670,Bundaberg,Wide Bay Burnett,North Coast,Southern,Southern Queensland,Bundaberg East - Kalkie,Bundaberg,Wide Bay,Inner Regional,Bundaberg,Hinkler,Locally-controlled,Intersection - Cross,Stop sign,0 - 50 km/h,Sealed - Dry,Clear,Daylight,Straight,Level,101,Vehs Adjacent Approach: Thru-Thru,01: Intersection: Adjacent Approach,E,0,0,0,0,0,2,0,0,0,0,0,0
7,Property damage only,2008,June,Saturday,19,Hit parked vehicle,Single Vehicle,151.6045614,-25.6240856,Fielding St,,,Gayndah,North Burnett Region,4625,Gayndah,Wide Bay Burnett,North Coast,Southern,Southern Queensland,Gayndah - Mundubbera,Burnett,Wide Bay,Outer Regional,Callide,Flynn,Locally-controlled,No Roadway Feature,No traffic control,0 - 50 km/h,Sealed - Dry,Clear,Darkness - Not lighted,Straight,Level,200,Vehs Opposite Approach: Other,21: Other,S,0,0,0,0,0,2,0,0,0,0,0,0
8,Medical treatment,2007,July,Friday,9,Rear-end,Multi-Vehicle,153.0470809,-27.31383897,Gateway Arterial Rd,,Gateway Arterial Road (Gateway Motorway - North),Sandgate,Brisbane City,4017,Sandgate,North Brisbane,Brisbane,SEQ North,Metropolitan,Bracken Ridge,Sandgate,Brisbane - North,Major Cities,Sandgate,Petrie,State-controlled,No Roadway Feature,No traffic control,100 - 110 km/h,Sealed - Dry,Clear,Daylight,Curved - view open,Level,307,Vehs Same Direction: Lane Change Left,05: Lane Change,W,0,0,5,0,5,1,0,1,0,0,0,0
9,Hospitalisation,2008,March,Tuesday,13,Angle,Multi-Vehicle,150.4961491,-23.37967082,Canning St,,,The Range,Rockhampton Region,4700,Rockhampton,Capricornia,Central,Central,Central Queensland,The Range - Allenstown,Rockhampton,Central Queensland,Inner Regional,Rockhampton,Capricornia,Locally-controlled,No Roadway Feature,No traffic control,0 - 50 km/h,Sealed - Dry,Clear,Daylight,Straight,Grade,406,Vehs Manoeuvring: Leaving Driveway,08: Vehicle Leaving Driveway,S,0,2,0,0,2,2,0,0,0,0,0,0
10,Property damage only,2008,April,Tuesday,13,Angle,Multi-Vehicle,151.9327638,-27.56608073,James St,,Toowoomba Connection Road,Newtown,Toowoomba Region,4350,Toowoomba,Darling Downs,Southern,Southern,Southern Queensland,Newtown (qld),Toowoomba,Toowoomba,Inner Regional,Toowoomba North,Groom,State-controlled,Median Opening,Operating traffic lights,60 km/h,Sealed - Dry,Clear,Daylight,Straight,Level,207,Vehs Opposite Approach: U-Turn,07: U-turn,E,0,0,0,0,0,2,0,0,0,0,0,0
11,Hospitalisation,2008,April,Wednesday,10,Sideswipe,Multi-Vehicle,153.4066973,-27.97182073,Nerang St,,Southport - Nerang Road,Southport,Gold Coast City,4215,Southport,Gold Coast,South Eastern,SEQ South,South Coast,Southport - North,Southport,Gold Coast,Major Cities,Southport,Moncrieff,State-controlled,No Roadway Feature,No traffic control,60 km/h,Sealed - Dry,Clear,Daylight,Straight,Level,300,Vehs Same Direction: Other,21: Other,S,0,1,0,0,1,1,1,0,0,0,0,0
12,Minor injury,2007,November,Sunday,5,Hit object,Single Vehicle,146.0361524,-17.56177147,Bruce Hwy,,Bruce Highway (Ingham - Innisfail),Comoon Loop,Cassowary Coast Region,4858,Innisfail,Far North,Far Northern,Northern,North Queensland,Johnstone,Innisfail - Cassowary Coast,Cairns,Outer Regional,Hill,Kennedy,State-controlled,No Roadway Feature,No traffic control,100 - 110 km/h,Sealed - Dry,Clear,Daylight,Straight,Level,703,Off Path-Straight: Left Off Cway Hit Obj,16: Off Carriageway on Straight Hit Object,N,0,0,0,1,1,1,0,0,0,0,0,0
13,Property damage only,2007,October,Wednesday,17,Angle,Multi-Vehicle,152.6909455,-25.5342744,Maryborough - Biggenden Rd,Pallas St,Maryborough - Biggenden Road,Maryborough,Fraser Coast Region,4650,Maryborough,Wide Bay Burnett,North Coast,Southern,Southern Queensland,Maryborough (qld),Maryborough,Wide Bay,Inner Regional,Maryborough,Wide Bay,State-controlled,Intersection - Cross,Stop sign,60 km/h,Sealed - Dry,Clear,Dawn/Dusk,Straight,Level,101,Vehs Adjacent Approach: Thru-Thru,01: Intersection: Adjacent Approach,W,0,0,0,0,0,2,0,0,0,0,0,0
14,Hospitalisation,2007,October,Friday,20,Angle,Multi-Vehicle,153.3890512,-27.93405998,Gold Coast Hwy,,Gold Coast Highway (Helensvale - Southport),Biggera Waters,Gold Coast City,4216,Runaway Bay,Gold Coast,South Eastern,SEQ South,South Coast,Biggera Waters,Gold Coast - North,Gold Coast,Major Cities,Bonney,Fadden,State-controlled,Median Opening,Operating traffic lights,70 km/h,Sealed - Dry,Clear,Darkness - Lighted,Straight,Level,202,Vehs Opposite Approach: Thru-Right,03: Opposing Vehicles Turning,W,0,1,0,0,1,1,0,0,1,0,0,0
15,Property damage only,2007,July,Friday,7,Angle,Multi-Vehicle,152.8932917,-26.62700633,Maroochy Spring Dr,Thrushs Rd,,Dulong,Sunshine Coast Region,4560,Nambour,Sunshine Coast,North Coast,SEQ North,North Coast,Maroochy Hinterland,Sunshine Coast Hinterland,Sunshine Coast,Inner Regional,Nicklin,Fairfax,Locally-controlled,Intersection - T-Junction,No traffic control,60 km/h,Sealed - Dry,Clear,Daylight,Straight,Level,104,Vehs Adjacent Approach: Thru-Right,01: Intersection: Adjacent Approach,W,0,0,0,0,0,2,0,0,0,0,0,0
16,Property damage only,2007,November,Thursday,15,Sideswipe,Multi-Vehicle,152.9514115,-27.08507888,Burpengary - Caboolture Rd,Caboolture Connection Rd,Burpengary - Caboolture Road,Caboolture,Moreton Bay Region,4510,Caboolture,Moreton,North Coast,SEQ North,North Coast,Caboolture,Caboolture,Moreton Bay - North,Major Cities,Morayfield,Longman,State-controlled,Intersection - Cross,Operating traffic lights,60 km/h,Sealed - Dry,Clear,Daylight,Curved - view open,Level,305,Vehs Same Direction: Lane Side Swipe,05: Lane Change,N,0,0,0,0,0,1,0,0,1,0,0,0
17,Medical treatment,2007,August,Thursday,15,Angle,Multi-Vehicle,152.6622648,-26.18475372,Gympie Connection Rd,Louisa St,Gympie Connection Road,Gympie,Gympie Region,4570,Gympie,Wide Bay Burnett,North Coast,Southern,Southern Queensland,Gympie - North,Gympie - Cooloola,Wide Bay,Inner Regional,Gympie,Wide Bay,State-controlled,Intersection - Cross,Operating traffic lights,0 - 50 km/h,Sealed - Dry,Clear,Daylight,Straight,Crest,202,Vehs Opposite Approach: Thru-Right,03: Opposing Vehicles Turning,N,0,0,1,0,1,2,0,0,0,0,0,0
18,Property damage only,2007,June,Monday,16,Angle,Multi-Vehicle,153.1090454,-27.63185044,Ewing Rd,Macquarie St,,Woodridge,Logan City,4114,Logan Central,Logan,South Eastern,SEQ South,South Coast,Woodridge,Springwood - Kingston,Logan - Beaudesert,Major Cities,Woodridge,Rankin,Locally-controlled,Intersection - T-Junction,Give way sign,60 km/h,Sealed - Wet,Raining,Darkness - Lighted,Straight,Dip,104,Vehs Adjacent Approach: Thru-Right,01: Intersection: Adjacent Approach,S,0,0,0,0,0,1,0,0,0,0,0,1
19,Property damage only,2007,December,Wednesday,14,Angle,Multi-Vehicle,152.7522267,-27.63990985,Balaclava St,Ipswich - Cunningham Hwy Connection Rd,Ipswich - Cunningham Hwy Connection Road,Churchill,Ipswich City,4305,Yamanto,Ipswich,Southern,SEQ South,Metropolitan,Churchill - Yamanto,Ipswich Inner,Ipswich,Major Cities,Ipswich,Blair,State-controlled,Intersection - Cross,Give way sign,60 km/h,Sealed - Wet,Raining,Daylight,Straight,Level,109,Vehs Adjacent Approach: Left-Left,01: Intersection: Adjacent Approach,S,0,0,0,0,0,3,0,0,0,0,0,0
20,Property damage only,2007,October,Wednesday,16,Angle,Multi-Vehicle,145.7718486,-16.92690964,Port Connection Rd,,Port Connection Road,Cairns City,Cairns Region,4870,Cairns,Far North,Far Northern,Northern,North Queensland,Cairns City,Cairns - South,Cairns,Outer Regional,Cairns,Leichhardt,State-controlled,Median Opening,No traffic control,60 km/h,Sealed - Dry,Clear,Daylight,Straight,Level,406,Vehs Manoeuvring: Leaving Driveway,08: Vehicle Leaving Driveway,W,0,0,0,0,0,2,0,0,0,0,0,0
21,Hospitalisation,2007,July,Tuesday,21,Hit pedestrian,Hit pedestrian,153.0658319,-27.57219701,Mccullough St,,,Sunnybank,Brisbane City,4109,Upper Mount Gravatt,South Brisbane,Brisbane,SEQ South,Metropolitan,Sunnybank,Sunnybank,Brisbane - South,Major Cities,Toohey,Moreton,Locally-controlled,No Roadway Feature,Pedestrian operated lights,60 km/h,Sealed - Dry,Clear,Darkness - Lighted,Straight,Level,003,Pedn: Far Side Vehicle Hit From Left,12: Pedestrian,W,0,1,0,0,1,1,0,0,0,0,1,0
22,Hospitalisation,2007,December,Friday,11,Angle,Multi-Vehicle,151.9614687,-27.56604563,Herries St,Kitchener St,,East Toowoomba,Toowoomba Region,4350,Toowoomba,Darling Downs,Southern,Southern,Southern Queensland,Toowoomba - East,Toowoomba,Toowoomba,Inner Regional,Toowoomba North,Groom,Locally-controlled,Intersection - Cross,Operating traffic lights,60 km/h,Sealed - Dry,Clear,Daylight,Straight,Level,202,Vehs Opposite Approach: Thru-Right,03: Opposing Vehicles Turning,E,0,1,1,1,3,2,0,0,0,0,0,0
23,Medical treatment,2007,August,Tuesday,18,Hit object,Single Vehicle,153.0573353,-27.63585427,Gowan Rd,,,Calamvale,Brisbane City,4116,Calamvale,South Brisbane,Brisbane,SEQ South,Metropolitan,Calamvale - Stretton,Rocklea - Acacia Ridge,Brisbane - South,Major Cities,Stretton,Rankin,Locally-controlled,No Roadway Feature,No traffic control,60 km/h,Sealed - Dry,Clear,Darkness - Lighted,Curved - view open,Level,804,Off Path-Curve: Off Cway Lt Bend Hit Obj,19: Off Carriageway on Curve Hit Object,N,0,0,1,0,1,1,0,0,0,0,0,0
24,Medical treatment,2007,October,Monday,18,Angle,Multi-Vehicle,148.1561398,-23.51383,Egan St,Gregory Hwy,Gregory Highway (Emerald - Clermont),Emerald,Central Highlands Region,4720,Emerald,Capricornia,Central,Central,Central Queensland,Emerald,Central Highlands (qld),Central Queensland,Outer Regional,Gregory,Flynn,State-controlled,Intersection - Cross,Give way sign,60 km/h,Sealed - Dry,Clear,Dawn/Dusk,Straight,Level,101,Vehs Adjacent Approach: Thru-Thru,01: Intersection: Adjacent Approach,N,0,0,1,0,1,2,0,0,0,0,0,0
25,Property damage only,2007,October,Thursday,8,Rear-end,Multi-Vehicle,153.0367446,-26.41179792,Beckmans Rd,,,Noosaville,Noosa Shire,4566,Noosa Heads,Sunshine Coast,North Coast,SEQ North,North Coast,Noosaville,Noosa,Sunshine Coast,Major Cities,Noosa,Wide Bay,Locally-controlled,No Roadway Feature,No traffic control,60 km/h,Sealed - Dry,Clear,Daylight,Straight,Level,301,Vehs Same Direction: Rear End,04: Rear-end,E,0,0,0,0,0,2,0,0,0,0,0,0
26,Property damage only,2007,May,Wednesday,7,Angle,Multi-Vehicle,149.1478928,-21.23055084,Bruce Hwy,,Bruce Highway (St Lawrence - Mackay),Rosella,Mackay Region,4740,Mackay,Mackay,Central,Central,Central Queensland,Walkerston - Eton,Mackay,Mackay - Isaac - Whitsunday,Outer Regional,Mirani,Capricornia,State-controlled,No Roadway Feature,No traffic control,80 - 90 km/h,Sealed - Dry,Clear,Daylight,Straight,Level,408,Vehs Manoeuvring: Entering From Footway,08: Vehicle Leaving Driveway,N,0,0,0,0,0,2,0,0,0,0,0,0
27,Hospitalisation,2008,October,Thursday,7,Hit object,Single Vehicle,146.1577124,-18.66199823,Philp St,,,Ingham,Hinchinbrook Shire,4850,Ingham,Townsville,Northern,Northern,North Queensland,Ingham,Charters Towers - Ayr - Ingham,Townsville,Outer Regional,Hinchinbrook,Kennedy,Locally-controlled,No Roadway Feature,No traffic control,60 km/h,Sealed - Dry,Clear,Daylight,Straight,Level,703,Off Path-Straight: Left Off Cway Hit Obj,16: Off Carriageway on Straight Hit Object,N,0,1,0,0,1,1,0,0,0,0,0,0
28,Property damage only,2008,July,Tuesday,8,Rear-end,Multi-Vehicle,153.0943562,-27.47474918,Ludwick St,Richmond Rd,,Cannon Hill,Brisbane City,4170,Morningside,South Brisbane,Brisbane,SEQ South,Metropolitan,Cannon Hill,Carindale,Brisbane - South,Major Cities,Bulimba,Griffith,Locally-controlled,Intersection - T-Junction,No traffic control,60 km/h,Sealed - Dry,Clear,Daylight,Straight,Grade,301,Vehs Same Direction: Rear End,04: Rear-end,E,0,0,0,0,0,2,0,0,0,0,0,0
29,Property damage only,2007,November,Saturday,23,Hit object,Single Vehicle,153.134138,-27.62483848,Barbaralla Dr,Wootton Cres,,Springwood,Logan City,4127,Springwood,Logan,South Eastern,SEQ South,South Coast,Springwood,Springwood - Kingston,Logan - Beaudesert,Major Cities,Springwood,Rankin,Locally-controlled,Intersection - T-Junction,No traffic control,60 km/h,Sealed - Dry,Clear,Darkness - Lighted,Straight,Dip,703,Off Path-Straight: Left Off Cway Hit Obj,16: Off Carriageway on Straight Hit Object,S,0,0,0,0,0,1,0,0,0,0,0,0
30,Property damage only,2007,October,Saturday,11,Rear-end,Multi-Vehicle,152.9768881,-27.12017238,Bruce Hwy,,Bruce Highway (Brisbane - Gympie),Morayfield,Moreton Bay Region,4506,Burpengary,Moreton,North Coast,SEQ North,North Coast,Burpengary - East,Caboolture,Moreton Bay - North,Major Cities,Morayfield,Longman,State-controlled,No Roadway Feature,No traffic control,100 - 110 km/h,Sealed - Dry,Clear,Daylight,Straight,Level,301,Vehs Same Direction: Rear End,04: Rear-end,N,0,0,0,0,0,2,0,0,1,0,0,0
31,Minor injury,2008,October,Tuesday,17,Rear-end,Multi-Vehicle,153.0881688,-27.49582034,Old Cleveland Rd,,,Carina,Brisbane City,4152,Carina,South Brisbane,Brisbane,SEQ South,Metropolitan,Carina,Carindale,Brisbane - South,Major Cities,Chatsworth,Griffith,Locally-controlled,No Roadway Feature,No traffic control,60 km/h,Sealed - Dry,Clear,Daylight,Straight,Level,301,Vehs Same Direction: Rear End,04: Rear-end,W,0,0,0,1,1,2,0,0,0,0,0,0
32,Property damage only,2007,July,Sunday,12,Angle,Multi-Vehicle,153.0419087,-27.42554628,Bridge St,Bridge St Overpass,,Wooloowin,Brisbane City,4030,Hendra,North Brisbane,Brisbane,SEQ North,Metropolitan,Wooloowin - Lutwyche,Brisbane Inner - North,Brisbane Inner City,Major Cities,Clayfield,Brisbane,Locally-controlled,Intersection - T-Junction,Stop sign,0 - 50 km/h,Sealed - Dry,Clear,Daylight,Straight,Level,107,Vehs Adjacent Approach: Thru-Left,01: Intersection: Adjacent Approach,W,0,0,0,0,0,2,0,0,0,0,0,0
33,Hospitalisation,2007,October,Friday,9,Angle,Multi-Vehicle,153.4342537,-28.10203051,Kortum Dr,Ramly Dr,,Burleigh Heads,Gold Coast City,4220,Robina,Gold Coast,South Eastern,SEQ South,South Coast,Burleigh Heads,Broadbeach - Burleigh,Gold Coast,Major Cities,Burleigh,Mcpherson,Locally-controlled,Intersection - Cross,Give way sign,60 km/h,Sealed - Dry,Clear,Daylight,Curved - view open,Level,101,Vehs Adjacent Approach: Thru-Thru,01: Intersection: Adjacent Approach,N,0,1,1,0,2,2,0,0,0,0,0,0
34,Minor injury,2008,March,Thursday,11,Overturned,Single Vehicle,153.3518924,-28.03107462,Pacific Hwy,,Pacific Highway (Pacific Motorway),Worongary,Gold Coast City,4213,Nerang,Gold Coast,South Eastern,SEQ South,South Coast,Carrara,Nerang,Gold Coast,Major Cities,Mudgeeraba,Moncrieff,State-controlled,No Roadway Feature,No traffic control,100 - 110 km/h,Sealed - Dry,Clear,Daylight,Straight,Level,701,Off Path-Straight: Left Off Cway,15: Off Carriageway on Straight,S,0,0,0,1,1,1,0,0,0,0,0,0
35,Property damage only,2008,November,Saturday,19,Overturned,Single Vehicle,153.3374142,-28.0512291,Harry Mills Dr,,,Worongary,Gold Coast City,4213,Mudgeeraba,Gold Coast,South Eastern,SEQ South,South Coast,Worongary - Tallai,Nerang,Gold Coast,Major Cities,Mudgeeraba,Wright,Locally-controlled,No Roadway Feature,No traffic control,0 - 50 km/h,Sealed - Dry,Clear,Darkness - Not lighted,Curved - view obscured,Dip,805,Off Path-Curve: Out Of Control On Cway,20: Out of Control on Curve,E,0,0,0,0,0,1,0,0,0,0,0,0
36,Medical treatment,2008,March,Thursday,11,Angle,Multi-Vehicle,146.763008,-19.31338895,Angus Smith Dr,Bruce Hwy,Douglas - Garbutt Road,Douglas,Townsville City,4814,Stuart,Townsville,Northern,Northern,North Queensland,Douglas,Townsville,Townsville,Outer Regional,Mundingburra,Herbert,State-controlled,Intersection - Roundabout,Give way sign,60 km/h,Sealed - Dry,Clear,Daylight,Straight,Level,202,Vehs Opposite Approach: Thru-Right,03: Opposing Vehicles Turning,N,0,0,1,0,1,2,0,0,0,0,0,0
37,Medical treatment,2007,November,Tuesday,7,Hit object,Single Vehicle,153.0703693,-27.6690541,Browns Plains Rd,,,Berrinba,Logan City,4117,Crestmead,Logan,South Eastern,SEQ South,South Coast,Browns Plains,Browns Plains,Logan - Beaudesert,Major Cities,Woodridge,Rankin,Locally-controlled,No Roadway Feature,No traffic control,60 km/h,Sealed - Wet,Raining,Daylight,Straight,Grade,703,Off Path-Straight: Left Off Cway Hit Obj,16: Off Carriageway on Straight Hit Object,E,0,0,1,0,1,1,0,0,0,0,0,0
38,Medical treatment,2007,April,Wednesday,22,Fall from vehicle,Single Vehicle,152.9930495,-27.48679027,Benson St,,,Toowong,Brisbane City,4066,Indooroopilly,North Brisbane,Brisbane,SEQ North,Metropolitan,Toowong,Brisbane Inner - West,Brisbane Inner City,Major Cities,Maiwar,Ryan,Locally-controlled,No Roadway Feature,No traffic control,60 km/h,Sealed - Dry,Clear,Darkness - Lighted,Straight,Level,308,Vehs Same Direction: Right Turn S/Swipe,06: Parallel Lanes Turning,S,0,0,1,0,1,1,1,0,0,0,0,0
39,Hospitalisation,2007,July,Tuesday,8,Fall from vehicle,Single Vehicle,152.940932,-26.69541719,Hunchy Rd,Woombye - Montville Rd,Woombye - Montville Road,Palmwoods,Sunshine Coast Region,4555,Palmwoods,Sunshine Coast,North Coast,SEQ North,North Coast,Palmwoods,Sunshine Coast Hinterland,Sunshine Coast,Inner Regional,Nicklin,Fisher,State-controlled,Intersection - T-Junction,No traffic control,60 km/h,Sealed - Dry,Clear,Daylight,Curved - view obscured,Grade,805,Off Path-Curve: Out Of Control On Cway,20: Out of Control on Curve,W,0,1,0,0,1,0,1,0,0,0,0,0
40,Minor injury,2007,July,Wednesday,17,Rear-end,Multi-Vehicle,153.4575138,-28.12784698,Avocado St,Doubleview Dr,,Elanora,Gold Coast City,4221,Palm Beach,Gold Coast,South Eastern,SEQ South,South Coast,Elanora,Coolangatta,Gold Coast,Major Cities,Currumbin,Mcpherson,Locally-controlled,Intersection - T-Junction,No traffic control,60 km/h,Sealed - Dry,Clear,Darkness - Lighted,Curved - view obscured,Grade,303,Vehs Same Direction: Right Rear,04: Rear-end,E,0,0,0,1,1,2,0,0,0,0,0,0
41,Hospitalisation,2008,March,Friday,9,Sideswipe,Multi-Vehicle,146.7677704,-19.29686002,Anne St,Ross River Rd,Ross River Road,Aitkenvale,Townsville City,4814,Mundingburra,Townsville,Northern,Northern,North Queensland,Aitkenvale,Townsville,Townsville,Outer Regional,Mundingburra,Herbert,State-controlled,Intersection - Cross,Operating traffic lights,60 km/h,Sealed - Dry,Clear,Daylight,Straight,Level,306,Vehs Same Direction: Lane Change Right,05: Lane Change,E,0,1,0,0,1,1,1,0,0,0,0,0
42,Minor injury,2008,September,Friday,12,Angle,Multi-Vehicle,146.8031724,-19.2764721,Marks St,Philp St,,Hermit Park,Townsville City,4812,Mundingburra,Townsville,Northern,Northern,North Queensland,Hermit Park - Rosslea,Townsville,Townsville,Outer Regional,Townsville,Herbert,Locally-controlled,Intersection - Roundabout,Give way sign,0 - 50 km/h,Sealed - Dry,Clear,Daylight,Straight,Level,102,Vehs Adjacent Approach: Right-Thru,01: Intersection: Adjacent Approach,N,0,0,0,1,1,1,1,0,0,0,0,0
43,Medical treatment,2009,January,Friday,18,Rear-end,Multi-Vehicle,153.0824039,-27.43350524,Fison Ave W,Kingsford Smith Dr,Southern Cross Way,Eagle Farm,Brisbane City,4009,Hendra,North Brisbane,Brisbane,SEQ North,Metropolitan,Eagle Farm - Pinkenba,Nundah,Brisbane - North,Major Cities,Clayfield,Brisbane,State-controlled,Intersection - T-Junction,Give way sign,60 km/h,Sealed - Dry,Clear,Daylight,Curved - view open,Level,302,Vehs Same Direction: Left Rear,04: Rear-end,N,0,0,1,1,2,2,0,0,0,0,0,0
44,Property damage only,2008,November,Saturday,13,Hit object,Single Vehicle,145.9193358,-17.26780991,Bruce Hwy,,Bruce Highway (Innisfail - Cairns),Bellenden Ker,Cairns Region,4871,Babinda,Far North,Far Northern,Northern,North Queensland,Babinda,Innisfail - Cassowary Coast,Cairns,Outer Regional,Hill,Kennedy,State-controlled,No Roadway Feature,No traffic control,100 - 110 km/h,Sealed - Wet,Raining,Daylight,Straight,Grade,502,Vehs Overtaking: Out Of Control,15: Off Carriageway on Straight,N,0,0,0,0,0,1,0,0,0,0,0,0
45,Medical treatment,2008,January,Friday,0,Hit object,Single Vehicle,150.5190604,-23.37137441,Rockhampton - Yeppoon Rd,,Rockhampton - Yeppoon Road,Berserker,Rockhampton Region,4701,North Rockhampton,Capricornia,Central,Central,Central Queensland,Berserker,Rockhampton,Central Queensland,Inner Regional,Rockhampton,Capricornia,State-controlled,No Roadway Feature,No traffic control,60 km/h,Sealed - Dry,Clear,Darkness - Lighted,Straight,Level,708,Off Path-Straight: Mounts Traffic Island,16: Off Carriageway on Straight Hit Object,N,0,0,1,0,1,1,0,0,0,0,0,0
46,Minor injury,2007,August,Saturday,14,Angle,Multi-Vehicle,153.1235313,-27.6152683,Pacific Hwy Connection Rd,Pacific Hwy Ramp Xr,Pacific Highway Connection Road,Underwood,Logan City,4119,Springwood,Logan,South Eastern,SEQ South,South Coast,Underwood,Springwood - Kingston,Logan - Beaudesert,Major Cities,Waterford,Rankin,State-controlled,Intersection - Cross,Operating traffic lights,0 - 50 km/h,Sealed - Dry,Clear,Daylight,Curved - view open,Level,104,Vehs Adjacent Approach: Thru-Right,01: Intersection: Adjacent Approach,W,0,0,0,2,2,2,0,0,0,0,0,0
47,Minor injury,2007,September,Thursday,20,Rear-end,Multi-Vehicle,152.3522099,-24.86521687,Bourbong St,,,Bundaberg Central,Bundaberg Region,4670,Bundaberg,Wide Bay Burnett,North Coast,Southern,Southern Queensland,Bundaberg,Bundaberg,Wide Bay,Inner Regional,Bundaberg,Hinkler,Locally-controlled,No Roadway Feature,No traffic control,0 - 50 km/h,Sealed - Dry,Clear,Darkness - Lighted,Straight,Level,301,Vehs Same Direction: Rear End,04: Rear-end,W,0,0,0,1,1,1,1,0,0,0,0,0
48,Hospitalisation,2008,September,Thursday,16,Sideswipe,Multi-Vehicle,153.0103216,-27.39673818,Appleby Rd,,,Stafford Heights,Brisbane City,4053,Stafford,North Brisbane,Brisbane,SEQ North,Metropolitan,Stafford Heights,Chermside,Brisbane - North,Major Cities,Stafford,Lilley,Locally-controlled,No Roadway Feature,No traffic control,60 km/h,Sealed - Dry,Clear,Daylight,Straight,Dip,307,Vehs Same Direction: Lane Change Left,05: Lane Change,N,0,1,0,0,1,1,1,0,0,0,0,0
49,Property damage only,2008,July,Wednesday,15,Angle,Multi-Vehicle,153.0457891,-27.53194552,Hexham St,Marshall Rd,,Tarragindi,Brisbane City,4121,Holland Park,South Brisbane,Brisbane,SEQ South,Metropolitan,Tarragindi,Nathan,Brisbane - South,Major Cities,Miller,Moreton,Locally-controlled,Intersection - T-Junction,Give way sign,60 km/h,Sealed - Dry,Clear,Daylight,Straight,Crest,102,Vehs Adjacent Approach: Right-Thru,01: Intersection: Adjacent Approach,N,0,0,0,0,0,2,0,1,0,0,0,0
50,Property damage only,2008,February,Tuesday,14,Hit object,Single Vehicle,152.7171063,-26.31573352,Bruce Hwy,,Cooroy - Gympie Road,Kybong,Gympie Region,4570,Gympie,Wide Bay Burnett,North Coast,Southern,Southern Queensland,Gympie Region,Gympie - Cooloola,Wide Bay,Inner Regional,Gympie,Wide Bay,State-controlled,No Roadway Feature,No traffic control,100 - 110 km/h,Sealed - Dry,Clear,Daylight,Curved - view open,Grade,804,Off Path-Curve: Off Cway Lt Bend Hit Obj,19: Off Carriageway on Curve Hit Object,S,0,0,0,0,0,0,0,1,0,0,0,0
51,Medical treatment,2007,August,Friday,17,Rear-end,Multi-Vehicle,153.0210799,-27.37191175,Gympie Arterial Rd,,Gympie Arterial Road,Aspley,Brisbane City,4034,Carseldine,North Brisbane,Brisbane,SEQ North,Metropolitan,Aspley,Chermside,Brisbane - North,Major Cities,Aspley,Lilley,State-controlled,No Roadway Feature,No traffic control,60 km/h,Sealed - Dry,Clear,Darkness - Not lighted,Straight,Grade,301,Vehs Same Direction: Rear End,04: Rear-end,N,0,0,1,1,2,3,0,0,0,0,0,0
52,Medical treatment,2007,July,Thursday,13,Angle,Multi-Vehicle,153.4868691,-28.13605197,Gold Coast Hwy,Tomewin St,Gold Coast Highway (Broadbeach - Coolangatta),Currumbin,Gold Coast City,4223,Coolangatta,Gold Coast,South Eastern,SEQ South,South Coast,Currumbin - Tugun,Coolangatta,Gold Coast,Major Cities,Currumbin,Mcpherson,State-controlled,Intersection - T-Junction,Operating traffic lights,60 km/h,Sealed - Dry,Clear,Daylight,Straight,Dip,202,Vehs Opposite Approach: Thru-Right,03: Opposing Vehicles Turning,N,0,0,2,0,2,2,0,0,1,0,0,0
53,Hospitalisation,2008,August,Saturday,11,Fall from vehicle,Single Vehicle,145.7169811,-17.5904264,Palmerston Hwy,,Palmerston Highway (Innisfail - Millaa Millaa),Palmerston,Cassowary Coast Region,4860,South Johnstone,Far North,Far Northern,Northern,North Queensland,Johnstone,Innisfail - Cassowary Coast,Cairns,Outer Regional,Hill,Kennedy,State-controlled,No Roadway Feature,No traffic control,100 - 110 km/h,Sealed - Wet,Raining,Daylight,Curved - view obscured,Grade,805,Off Path-Curve: Out Of Control On Cway,20: Out of Control on Curve,W,0,1,0,0,1,0,1,0,0,0,0,0
54,Property damage only,2007,November,Monday,15,Rear-end,Multi-Vehicle,152.9467656,-27.52958905,Western Arterial Rd,,Centenary Motorway (Ellen Grove - Toowong),Jindalee,Brisbane City,4074,Mount Ommaney,South Brisbane,Brisbane,SEQ South,Metropolitan,Seventeen Mile Rocks - Sinnamon Park,Centenary,Brisbane - West,Major Cities,Mount Ommaney,Oxley,State-controlled,No Roadway Feature,No traffic control,80 - 90 km/h,Sealed - Dry,Clear,Daylight,Straight,Level,301,Vehs Same Direction: Rear End,04: Rear-end,S,0,0,0,0,0,3,0,0,0,0,0,0
55,Minor injury,2008,September,Sunday,8,Angle,Multi-Vehicle,153.0531595,-27.21592911,Gynther Rd,Redcliffe Rd,Redcliffe Road,Rothwell,Moreton Bay Region,4022,Redcliffe,Moreton,North Coast,SEQ North,North Coast,Rothwell - Kippa-ring,Redcliffe,Moreton Bay - North,Major Cities,Murrumba,Petrie,State-controlled,Intersection - T-Junction,Give way sign,60 km/h,Sealed - Dry,Clear,Daylight,Straight,Level,104,Vehs Adjacent Approach: Thru-Right,01: Intersection: Adjacent Approach,S,0,0,0,1,1,1,1,0,0,0,0,0
56,Medical treatment,2008,May,Friday,17,Angle,Multi-Vehicle,150.5151159,-24.39218203,State Farm Rd,,,Biloela,Banana Shire,4715,Biloela,Capricornia,Central,Central,Central Queensland,Biloela,Biloela,Central Queensland,Outer Regional,Callide,Flynn,Locally-controlled,No Roadway Feature,No traffic control,60 km/h,Sealed - Dry,Clear,Dawn/Dusk,Straight,Level,408,Vehs Manoeuvring: Entering From Footway,08: Vehicle Leaving Driveway,N,0,0,1,0,1,1,0,0,0,1,0,0
57,Property damage only,2007,August,Monday,16,Angle,Multi-Vehicle,153.0321381,-27.4268331,Lutwyche Rd,Maygar St,,Windsor,Brisbane City,4030,Stafford,North Brisbane,Brisbane,SEQ North,Metropolitan,Windsor,Brisbane Inner - North,Brisbane Inner City,Major Cities,Clayfield,Brisbane,Locally-controlled,Intersection - T-Junction,Operating traffic lights,60 km/h,Sealed - Dry,Clear,Daylight,Straight,Level,202,Vehs Opposite Approach: Thru-Right,03: Opposing Vehicles Turning,S,0,0,0,0,0,2,0,0,0,0,0,0
58,Medical treatment,2007,November,Tuesday,19,Hit pedestrian,Hit pedestrian,152.9742273,-27.06232054,Male Rd,,,Caboolture,Moreton Bay Region,4510,Caboolture,Moreton,North Coast,SEQ North,North Coast,Caboolture,Caboolture,Moreton Bay - North,Major Cities,Pumicestone,Longman,Locally-controlled,No Roadway Feature,No traffic control,0 - 50 km/h,Unsealed - Wet,Raining,Darkness - Not lighted,Curved - view open,Level,000,Pedn: Hit Other,21: Other,W,0,0,1,0,1,0,0,0,1,0,1,0
59,Minor injury,2008,March,Sunday,13,Rear-end,Multi-Vehicle,146.8128526,-19.31722841,Bruce Hwy,Flinders Hwy,Bruce Highway (Townsville - Ingham),Wulguru,Townsville City,4811,Stuart,Townsville,Northern,Northern,North Queensland,Oonoonba,Townsville,Townsville,Outer Regional,Mundingburra,Dawson,State-controlled,Intersection - T-Junction,Operating traffic lights,70 km/h,Sealed - Dry,Clear,Daylight,Straight,Level,302,Vehs Same Direction: Left Rear,04: Rear-end,N,0,0,0,2,2,2,0,0,0,0,0,0
60,Hospitalisation,2007,November,Friday,16,Rear-end,Multi-Vehicle,148.1578585,-23.52547765,Capricorn Hwy,Gregory Hwy,Capricorn Highway (Emerald - Alpha),Emerald,Central Highlands Region,4720,Emerald,Capricornia,Central,Central,Central Queensland,Emerald,Central Highlands (qld),Central Queensland,Outer Regional,Gregory,Flynn,State-controlled,Intersection - T-Junction,Give way sign,60 km/h,Sealed - Dry,Clear,Daylight,Straight,Level,302,Vehs Same Direction: Left Rear,04: Rear-end,S,0,1,0,0,1,2,0,0,0,0,0,0
61,Property damage only,2007,March,Saturday,11,Hit object,Single Vehicle,152.6642967,-28.02818872,Boonah - Rathdowney Rd,Mt Alford Rd,Boonah - Rathdowney Road,Dugandan,Scenic Rim Region,4310,Boonah,Ipswich,Southern,SEQ South,South Coast,Boonah,Ipswich Hinterland,Ipswich,Inner Regional,Scenic Rim,Wright,State-controlled,Intersection - Cross,No traffic control,100 - 110 km/h,Sealed - Dry,Clear,Daylight,Curved - view open,Level,808,Off Path-Curve: Mounts Traffic Island,19: Off Carriageway on Curve Hit Object,S,0,0,0,0,0,1,0,0,0,0,0,0
62,Medical treatment,2007,September,Tuesday,23,Hit parked vehicle,Single Vehicle,153.1128107,-27.49165272,Epala St,,,Carina,Brisbane City,4152,Carina,South Brisbane,Brisbane,SEQ South,Metropolitan,Carina,Carindale,Brisbane - South,Major Cities,Bulimba,Bonner,Locally-controlled,No Roadway Feature,No traffic control,0 - 50 km/h,Sealed - Dry,Clear,Darkness - Lighted,Straight,Grade,601,Vehs On Path: Parked,10: Hit Parked Vehicle,S,0,0,1,0,1,2,0,0,0,0,0,0
63,Property damage only,2007,December,Sunday,19,Overturned,Single Vehicle,150.0204408,-24.77702379,Nipan Rd,Moura - Baralaba Rd,,Kianga,Banana Shire,4718,Theodore,Capricornia,Central,Central,Central Queensland,Banana,Biloela,Central Queensland,Outer Regional,Callide,Flynn,Locally-controlled,Intersection - T-Junction,No traffic control,100 - 110 km/h,Sealed - Dry,Clear,Darkness - Not lighted,Curved - view obscured,Level,801,Off Path-Curve: Off Cway Right Bend,18: Off Carriageway on Curve,N,0,0,0,0,0,1,0,0,0,0,0,0
64,Hospitalisation,2006,September,Saturday,6,Angle,Multi-Vehicle,152.9162013,-27.66653376,South West Arterial Rd,,Centenary Motorway (Yamanto - Ellen Grove),Springfield,Ipswich City,4300,Springfield,Ipswich,Southern,SEQ South,Metropolitan,Springfield,Springfield - Redbank,Ipswich,Major Cities,Jordan,Oxley,State-controlled,No Roadway Feature,No traffic control,100 - 110 km/h,Sealed - Dry,Clear,Daylight,Straight,Level,308,Vehs Same Direction: Right Turn S/Swipe,06: Parallel Lanes Turning,N,0,1,1,0,2,2,0,0,0,0,0,0
65,Property damage only,2008,February,Thursday,15,Angle,Multi-Vehicle,149.1812596,-21.09952533,Bedford Rd,Grace Deguara Dr,,Andergrove,Mackay Region,4740,Mackay Northern Beaches,Mackay,Central,Central,Central Queensland,Andergrove - Beaconsfield,Mackay,Mackay - Isaac - Whitsunday,Inner Regional,Mackay,Dawson,Locally-controlled,Intersection - T-Junction,No traffic control,60 km/h,Sealed - Wet,Clear,Daylight,Straight,Level,104,Vehs Adjacent Approach: Thru-Right,01: Intersection: Adjacent Approach,W,0,0,0,0,0,1,0,1,0,0,0,0
66,Medical treatment,2007,March,Wednesday,7,Angle,Multi-Vehicle,153.0026462,-27.16018931,Lakewood Dr,Old Bay Rd,,Burpengary East,Moreton Bay Region,4505,Deception Bay,Moreton,North Coast,SEQ North,North Coast,Deception Bay,Narangba - Burpengary,Moreton Bay - North,Major Cities,Bancroft,Petrie,Locally-controlled,Intersection - T-Junction,No traffic control,80 - 90 km/h,Sealed - Dry,Clear,Daylight,Straight,Level,202,Vehs Opposite Approach: Thru-Right,03: Opposing Vehicles Turning,E,0,0,2,0,2,3,0,0,0,0,0,0
67,Property damage only,2007,October,Friday,10,Sideswipe,Multi-Vehicle,148.1567401,-23.5270618,Capricorn Hwy,Gregory Hwy,Gregory Highway (Emerald - Clermont),Emerald,Central Highlands Region,4720,Emerald,Capricornia,Central,Central,Central Queensland,Emerald,Central Highlands (qld),Central Queensland,Outer Regional,Gregory,Flynn,State-controlled,Intersection - T-Junction,Give way sign,0 - 50 km/h,Sealed - Dry,Clear,Daylight,Straight,Level,309,Vehs Same Direction: Left Turn S/Swipe,06: Parallel Lanes Turning,S,0,0,0,0,0,1,0,1,0,0,0,0
68,Property damage only,2007,November,Thursday,6,Hit animal,Other,145.4516395,-17.18206155,Kennedy Hwy,,Kennedy Highway (Mareeba - Ravenshoe),Tolga,Tablelands Region,4882,Atherton,Far North,Far Northern,Northern,North Queensland,Atherton,Tablelands (east) - Kuranda,Cairns,Outer Regional,Hill,Kennedy,State-controlled,No Roadway Feature,No traffic control,100 - 110 km/h,Sealed - Dry,Clear,Daylight,Curved - view open,Level,609,Pass & Misc: Hit Animal,14: Hit Animal,S,0,0,0,0,0,1,0,0,0,0,0,1
69,Medical treatment,2007,October,Thursday,9,Rear-end,Multi-Vehicle,145.7469084,-16.95634697,Bruce Hwy,Rigg St,Bruce Highway (Innisfail - Cairns),Woree,Cairns Region,4868,Cairns,Far North,Far Northern,Northern,North Queensland,Woree,Cairns - South,Cairns,Outer Regional,Mulgrave,Leichhardt,State-controlled,Intersection - T-Junction,Give way sign,60 km/h,Sealed - Dry,Clear,Daylight,Straight,Level,302,Vehs Same Direction: Left Rear,04: Rear-end,E,0,0,2,0,2,2,0,0,0,0,0,0
70,Property damage only,2008,July,Wednesday,7,Sideswipe,Multi-Vehicle,152.8987329,-27.60954275,Smiths Rd,,,Goodna,Ipswich City,4300,Goodna,Ipswich,Southern,SEQ South,Metropolitan,Goodna,Springfield - Redbank,Ipswich,Major Cities,Bundamba,Oxley,Locally-controlled,No Roadway Feature,No traffic control,60 km/h,Sealed - Wet,Raining,Daylight,Straight,Level,306,Vehs Same Direction: Lane Change Right,05: Lane Change,E,0,0,0,0,0,2,0,0,0,0,0,0
71,Property damage only,2008,April,Saturday,18,Angle,Multi-Vehicle,150.5071757,-23.37199069,Bolsover St,Bruce Hwy,Bruce Highway (Rockhampton - St Lawrence),Rockhampton City,Rockhampton Region,4700,Rockhampton,Capricornia,Central,Central,Central Queensland,Rockhampton City,Rockhampton,Central Queensland,Inner Regional,Rockhampton,Capricornia,State-controlled,Intersection - Cross,Operating traffic lights,0 - 50 km/h,Sealed - Dry,Clear,Dawn/Dusk,Straight,Level,202,Vehs Opposite Approach: Thru-Right,03: Opposing Vehicles Turning,W,0,0,0,0,0,2,0,0,0,0,0,0
72,Hospitalisation,2007,December,Wednesday,10,Angle,Multi-Vehicle,145.7619839,-16.91873127,Draper St,Gatton St,,Parramatta Park,Cairns Region,4870,Cairns,Far North,Far Northern,Northern,North Queensland,Cairns City,Cairns - South,Cairns,Outer Regional,Cairns,Leichhardt,Locally-controlled,Intersection - Cross,Stop sign,60 km/h,Sealed - Dry,Clear,Daylight,Straight,Level,101,Vehs Adjacent Approach: Thru-Thru,01: Intersection: Adjacent Approach,E,0,1,0,1,2,2,0,0,0,0,0,0
73,Property damage only,2008,October,Tuesday,15,Rear-end,Multi-Vehicle,151.9320916,-27.56593871,James St,,Toowoomba Connection Road,Newtown,Toowoomba Region,4350,Toowoomba,Darling Downs,Southern,Southern,Southern Queensland,Newtown (qld),Toowoomba,Toowoomba,Inner Regional,Toowoomba North,Groom,State-controlled,No Roadway Feature,No traffic control,60 km/h,Sealed - Dry,Clear,Daylight,Straight,Level,400,Vehs Manoeuvring: Other,21: Other,N,0,0,0,0,0,2,0,0,0,0,0,0
74,Property damage only,2007,November,Monday,13,Rear-end,Multi-Vehicle,153.1236822,-26.70043339,Kensington Dr,Nicklin Wy,Nicklin Way,Minyama,Sunshine Coast Region,4575,Kawana Waters,Sunshine Coast,North Coast,SEQ North,North Coast,Buddina - Minyama,Caloundra,Sunshine Coast,Major Cities,Kawana,Fisher,State-controlled,Intersection - Cross,Operating traffic lights,70 km/h,Sealed - Dry,Clear,Daylight,Straight,Level,301,Vehs Same Direction: Rear End,04: Rear-end,W,0,0,0,0,0,2,0,0,0,0,0,0
75,Property damage only,2007,March,Saturday,12,Angle,Multi-Vehicle,153.4170874,-27.96731688,Gold Coast Hwy,Marine Pde,,Southport,Gold Coast City,4215,Southport,Gold Coast,South Eastern,SEQ South,South Coast,Southport - North,Southport,Gold Coast,Major Cities,Southport,Moncrieff,Locally-controlled,Intersection - T-Junction,Operating traffic lights,60 km/h,Sealed - Dry,Clear,Daylight,Straight,Level,105,Vehs Adjacent Approach: Right-Right,01: Intersection: Adjacent Approach,E,0,0,0,0,0,2,0,0,0,0,0,0
76,Medical treatment,2007,March,Wednesday,14,Angle,Multi-Vehicle,153.0654676,-27.47539281,Bennetts Rd,,,Norman Park,Brisbane City,4170,Morningside,South Brisbane,Brisbane,SEQ South,Metropolitan,Norman Park,Brisbane Inner - East,Brisbane Inner City,Major Cities,Bulimba,Griffith,Locally-controlled,No Roadway Feature,No traffic control,60 km/h,Sealed - Dry,Clear,Daylight,Curved - view obscured,Level,308,Vehs Same Direction: Right Turn S/Swipe,06: Parallel Lanes Turning,N,0,0,1,0,1,2,0,0,0,0,0,0
77,Property damage only,2008,June,Friday,5,Rear-end,Multi-Vehicle,150.514381,-23.30450965,Bruce Hwy,,Bruce Highway (Rockhampton - St Lawrence),Parkhurst,Rockhampton Region,4702,North Rockhampton,Capricornia,Central,Central,Central Queensland,Parkhurst - Kawana,Rockhampton,Central Queensland,Inner Regional,Rockhampton,Capricornia,State-controlled,No Roadway Feature,No traffic control,70 km/h,Sealed - Dry,Fog,Dawn/Dusk,Straight,Level,301,Vehs Same Direction: Rear End,04: Rear-end,S,0,0,0,0,0,3,0,0,0,0,0,0
78,Medical treatment,2007,September,Monday,14,Rear-end,Multi-Vehicle,153.0822402,-27.25947106,Brighton - Redcliffe Rd,,Brighton - Redcliffe Road,Clontarf,Moreton Bay Region,4019,Redcliffe,Moreton,North Coast,SEQ North,North Coast,Clontarf,Redcliffe,Moreton Bay - North,Major Cities,Redcliffe,Petrie,State-controlled,No Roadway Feature,No traffic control,60 km/h,Sealed - Dry,Clear,Daylight,Straight,Level,301,Vehs Same Direction: Rear End,04: Rear-end,S,0,0,1,0,1,3,0,0,0,0,0,0
79,Minor injury,2007,July,Friday,19,Fall from vehicle,Single Vehicle,153.0090069,-27.46735745,Castlemaine St,Milton Rd,,Milton,Brisbane City,4064,Brisbane City,North Brisbane,Brisbane,SEQ North,Metropolitan,Paddington - Milton,Brisbane Inner - West,Brisbane Inner City,Major Cities,Cooper,Brisbane,Locally-controlled,Intersection - T-Junction,Operating traffic lights,60 km/h,Sealed - Dry,Clear,Darkness - Lighted,Straight,Grade,308,Vehs Same Direction: Right Turn S/Swipe,06: Parallel Lanes Turning,W,0,0,0,1,1,0,1,0,1,0,0,0
80,Minor injury,2008,April,Thursday,14,Hit object,Single Vehicle,153.2742593,-27.96286673,Beaudesert - Nerang Rd,Oxenford - Coomera Gorge Rd,Beaudesert - Nerang Road,Mount Nathan,Gold Coast City,4211,Nerang,Gold Coast,South Eastern,SEQ South,South Coast,Nerang - Mount Nathan,Nerang,Gold Coast,Major Cities,Theodore,Wright,State-controlled,Intersection - T-Junction,Give way sign,70 km/h,Sealed - Dry,Clear,Daylight,Curved - view obscured,Grade,607,Vehs On Path: Temporary Object On Cway,21: Other,S,0,0,0,2,2,0,1,0,0,0,0,0
81,Hospitalisation,2009,February,Saturday,22,Hit pedestrian,Hit pedestrian,153.0050116,-27.43258041,Enoggera Rd,,,Newmarket,Brisbane City,4051,Stafford,North Brisbane,Brisbane,SEQ North,Metropolitan,Newmarket,Brisbane Inner - North,Brisbane Inner City,Major Cities,Ferny Grove,Brisbane,Locally-controlled,No Roadway Feature,No traffic control,60 km/h,Sealed - Dry,Clear,Darkness - Lighted,Curved - view open,Level,003,Pedn: Far Side Vehicle Hit From Left,12: Pedestrian,N,0,1,0,0,1,1,0,0,0,0,1,0
82,Fatal,2008,March,Saturday,9,Angle,Multi-Vehicle,152.9830176,-27.18168393,Old Gympie Rd,,,Burpengary,Moreton Bay Region,4505,Burpengary,Moreton,North Coast,SEQ North,North Coast,Narangba,Narangba - Burpengary,Moreton Bay - North,Major Cities,Kurwongbah,Longman,Locally-controlled,No Roadway Feature,No traffic control,60 km/h,Sealed - Dry,Clear,Daylight,Straight,Grade,408,Vehs Manoeuvring: Entering From Footway,08: Vehicle Leaving Driveway,S,1,1,0,0,2,1,1,0,0,0,0,0
83,Medical treatment,2007,December,Saturday,21,Hit animal,Other,147.8779795,-20.39684444,Bowen Developmental Rd,,Bowen Developmental Road (Bowen - Collinsville),Bogie,Whitsunday Region,4805,Bowen,Mackay,Central,Central,Central Queensland,Collinsville,Bowen Basin - North,Mackay - Isaac - Whitsunday,Remote,Burdekin,Dawson,State-controlled,No Roadway Feature,No traffic control,100 - 110 km/h,Sealed - Dry,Clear,Darkness - Not lighted,Curved - view obscured,Crest,609,Pass & Misc: Hit Animal,14: Hit Animal,S,0,0,1,0,1,1,0,0,0,0,0,1
84,Minor injury,2007,October,Monday,7,Hit object,Single Vehicle,147.8264696,-20.53409706,Bowen Developmental Rd,,Bowen Developmental Road (Bowen - Collinsville),Springlands,Whitsunday Region,4804,Collinsville,Mackay,Central,Central,Central Queensland,Collinsville,Bowen Basin - North,Mackay - Isaac - Whitsunday,Remote,Burdekin,Capricornia,State-controlled,No Roadway Feature,No traffic control,100 - 110 km/h,Sealed - Dry,Clear,Daylight,Straight,Level,704,Off Path-Straight: Right Off Cway Hit Obj,16: Off Carriageway on Straight Hit Object,N,0,0,0,1,1,1,0,0,0,0,0,0
85,Hospitalisation,2007,September,Friday,8,Angle,Multi-Vehicle,153.0134994,-27.48734669,Dornoch Tce,Sankey St,,Highgate Hill,Brisbane City,4101,West End,South Brisbane,Brisbane,SEQ South,Metropolitan,Highgate Hill,Brisbane Inner,Brisbane Inner City,Major Cities,South Brisbane,Griffith,Locally-controlled,Intersection - T-Junction,No traffic control,0 - 50 km/h,Sealed - Dry,Clear,Daylight,Straight,Level,202,Vehs Opposite Approach: Thru-Right,03: Opposing Vehicles Turning,E,0,1,0,0,1,1,0,0,0,1,0,0
86,Fatal,2008,March,Monday,19,Hit pedestrian,Hit pedestrian,152.9682525,-26.65287731,Nambour Connection Rd,,Nambour Connection Road,Woombye,Sunshine Coast Region,4559,Nambour,Sunshine Coast,North Coast,SEQ North,North Coast,Nambour,Nambour,Sunshine Coast,Major Cities,Nicklin,Fairfax,State-controlled,No Roadway Feature,No traffic control,80 - 90 km/h,Sealed - Dry,Clear,Darkness - Not lighted,Straight,Crest,004,Pedn: Play; Work; Stand; Lie On Cway,12: Pedestrian,S,1,0,0,0,1,1,0,0,0,0,1,0
87,Medical treatment,2008,January,Friday,8,Angle,Multi-Vehicle,149.1508602,-21.18535659,Bruce Hwy,Farrellys Rd,Bruce Highway (St Lawrence - Mackay),Paget,Mackay Region,4740,Mackay,Mackay,Central,Central,Central Queensland,Ooralea - Bakers Creek,Mackay,Mackay - Isaac - Whitsunday,Inner Regional,Mirani,Dawson,State-controlled,Intersection - Cross,Stop sign,80 - 90 km/h,Sealed - Dry,Clear,Daylight,Straight,Level,101,Vehs Adjacent Approach: Thru-Thru,01: Intersection: Adjacent Approach,W,0,0,1,1,2,2,0,0,0,0,0,0
88,Medical treatment,2008,April,Monday,19,Rear-end,Multi-Vehicle,152.0178064,-28.21845396,Cunningham Hwy,William St,Cunningham Highway (Warwick - Inglewood),Warwick,Southern Downs Region,4370,Warwick,Darling Downs,Southern,Southern,Southern Queensland,Warwick,Granite Belt,Darling Downs - Maranoa,Inner Regional,Southern Downs,Maranoa,State-controlled,Intersection - T-Junction,Give way sign,60 km/h,Sealed - Dry,Clear,Darkness - Lighted,Straight,Level,404,Vehs Manoeuvring: Reversing,10: Hit Parked Vehicle,N,0,0,1,0,1,2,0,0,0,0,0,0
89,Property damage only,2007,July,Monday,17,Hit object,Single Vehicle,145.4798565,-17.61922283,Kennedy Hwy,,,Ravenshoe,Tablelands Region,4888,Ravenshoe,Far North,Far Northern,Northern,North Queensland,Herberton,Tablelands (east) - Kuranda,Cairns,Outer Regional,Hill,Kennedy,Locally-controlled,No Roadway Feature,No traffic control,60 km/h,Unsealed - Dry,Clear,Daylight,Straight,Grade,704,Off Path-Straight: Right Off Cway Hit Obj,16: Off Carriageway on Straight Hit Object,E,0,0,0,0,0,1,0,0,0,0,0,0
90,Fatal,2008,March,Tuesday,6,Overturned,Single Vehicle,145.2521449,-20.66318301,Flinders Hwy,,Flinders Highway (Charters Towers - Hughenden),Pentland,Charters Towers Region,4816,Pentland,Townsville,Northern,Northern,North Queensland,Dalrymple,Charters Towers - Ayr - Ingham,Townsville,Very Remote,Traeger,Kennedy,State-controlled,No Roadway Feature,No traffic control,100 - 110 km/h,Sealed - Dry,Clear,Dawn/Dusk,Straight,Level,704,Off Path-Straight: Right Off Cway Hit Obj,16: Off Carriageway on Straight Hit Object,E,1,2,0,0,3,1,0,0,0,0,0,0
91,Property damage only,2007,July,Thursday,9,Angle,Multi-Vehicle,152.9653933,-27.34567547,Old Northern Rd,,Everton Park - Albany Creek Road,Albany Creek,Moreton Bay Region,4035,Albany Creek,North Brisbane,Brisbane,SEQ North,North Coast,Albany Creek,The Hills District,Moreton Bay - South,Major Cities,Everton,Dickson,State-controlled,No Roadway Feature,No traffic control,60 km/h,Sealed - Dry,Clear,Daylight,Straight,Level,406,Vehs Manoeuvring: Leaving Driveway,08: Vehicle Leaving Driveway,E,0,0,0,0,0,2,0,0,0,0,0,0
92,Medical treatment,2008,December,Wednesday,17,Angle,Multi-Vehicle,145.77052,-16.92886131,Draper St,Spence St,,Parramatta Park,Cairns Region,4870,Cairns,Far North,Far Northern,Northern,North Queensland,Cairns City,Cairns - South,Cairns,Outer Regional,Cairns,Leichhardt,Locally-controlled,Intersection - Cross,Operating traffic lights,60 km/h,Sealed - Dry,Clear,Daylight,Straight,Level,202,Vehs Opposite Approach: Thru-Right,03: Opposing Vehicles Turning,W,0,0,1,0,1,1,0,0,0,1,0,0
93,Medical treatment,2007,September,Thursday,14,Rear-end,Multi-Vehicle,153.0566865,-27.36978339,Robinson Rd E,,,Virginia,Brisbane City,4014,Boondall,North Brisbane,Brisbane,SEQ North,Metropolitan,Northgate - Virginia,Nundah,Brisbane - North,Major Cities,Nudgee,Lilley,Locally-controlled,No Roadway Feature,No traffic control,60 km/h,Sealed - Wet,Raining,Daylight,Straight,Level,301,Vehs Same Direction: Rear End,04: Rear-end,W,0,0,1,0,1,2,0,0,0,0,0,0
94,Property damage only,2008,December,Monday,23,Hit object,Single Vehicle,147.0462996,-19.43803999,Bruce Hwy,,Bruce Highway (Ayr - Townsville),Cromarty,Burdekin Shire,4809,Giru,Townsville,Northern,Northern,North Queensland,Burdekin,Charters Towers - Ayr - Ingham,Townsville,Outer Regional,Burdekin,Dawson,State-controlled,Bridge/Causeway,No traffic control,100 - 110 km/h,Sealed - Dry,Clear,Darkness - Not lighted,Straight,Level,703,Off Path-Straight: Left Off Cway Hit Obj,16: Off Carriageway on Straight Hit Object,N,0,0,0,0,0,1,0,0,0,0,0,0
95,Minor injury,2007,December,Friday,14,Sideswipe,Multi-Vehicle,153.342689,-27.95118056,Pacific Hwy,,Pacific Highway (Pacific Motorway),Arundel,Gold Coast City,4214,Nerang,Gold Coast,South Eastern,SEQ South,South Coast,Parkwood,Southport,Gold Coast,Major Cities,Gaven,Fadden,State-controlled,No Roadway Feature,No traffic control,100 - 110 km/h,Sealed - Dry,Clear,Daylight,Straight,Level,301,Vehs Same Direction: Rear End,04: Rear-end,S,0,0,0,2,2,2,0,0,0,0,0,0
96,Hospitalisation,2008,January,Sunday,23,Angle,Multi-Vehicle,146.767665,-19.30549267,Anne St,Leopold St,,Aitkenvale,Townsville City,4814,Mundingburra,Townsville,Northern,Northern,North Queensland,Aitkenvale,Townsville,Townsville,Outer Regional,Mundingburra,Herbert,Locally-controlled,Intersection - T-Junction,Give way sign,60 km/h,Sealed - Dry,Clear,Darkness - Lighted,Straight,Level,500,Vehs Overtaking: Other,21: Other,,0,1,0,0,1,2,0,0,0,0,0,0
97,Medical treatment,2007,July,Wednesday,11,Rear-end,Multi-Vehicle,153.0295718,-27.19674401,Bay Ave,Deception Bay Rd,Deception Bay Road,Deception Bay,Moreton Bay Region,4508,Deception Bay,Moreton,North Coast,SEQ North,North Coast,Deception Bay,Narangba - Burpengary,Moreton Bay - North,Major Cities,Bancroft,Petrie,State-controlled,Intersection - Cross,Operating traffic lights,70 km/h,Sealed - Dry,Clear,Daylight,Straight,Level,303,Vehs Same Direction: Right Rear,04: Rear-end,W,0,0,1,0,1,2,0,0,0,0,0,0
98,Property damage only,2007,August,Monday,8,Hit object,Single Vehicle,153.0837161,-26.61488247,Maroochydore - Noosa Rd,Mudjimba Beach Rd,Pacific Paradise Connection Road,Mudjimba,Sunshine Coast Region,4564,Coolum,Sunshine Coast,North Coast,SEQ North,North Coast,Marcoola - Mudjimba,Maroochy,Sunshine Coast,Major Cities,Maroochydore,Fairfax,State-controlled,Intersection - Cross,Operating traffic lights,0 - 50 km/h,Sealed - Wet,Raining,Daylight,Straight,Level,704,Off Path-Straight: Right Off Cway Hit Obj,16: Off Carriageway on Straight Hit Object,N,0,0,0,0,0,1,0,0,0,0,0,0
99,Hospitalisation,2008,March,Monday,18,Overturned,Single Vehicle,151.1454211,-23.96149876,Bruce Hwy,,Bruce Highway (Benaraby - Rockhampton),River Ranch,Gladstone Region,4680,Mount Larcom,Capricornia,Central,Central,Central Queensland,Gladstone Hinterland,Gladstone,Central Queensland,Inner Regional,Gladstone,Flynn,State-controlled,No Roadway Feature,No traffic control,100 - 110 km/h,Sealed - Dry,Clear,Darkness - Not lighted,Straight,Level,705,Off Path-Straight: Out Of Control On Cway,17: Out of Control on Straight,W,0,1,1,0,2,1,0,0,0,0,0,0
